,Pclass,Name,Sex,Age,SibSp,Parch,Fare,Cabin,Embarked
0,3,1.0,1,-0.09916215575091339,1,0,-0.048707370121739375,0,2.0
1,1,1.0,0,0.10189338584245178,1,0,0.07627730769869326,1,0.0
2,3,0.0,0,-0.0488982703525721,0,0,-0.047389857865947585,0,2.0
3,1,1.0,0,0.06419547179369581,1,0,0.04078586977167291,1,2.0
4,3,1.0,1,0.06419547179369581,0,0,-0.04714587411487504,0,2.0
5,3,1.0,1,0.39091072688291423,0,0,-0.04634892559037165,0,1.0
6,1,1.0,1,0.302948927435817,0,0,0.03837043063605463,1,2.0
7,3,0.0,1,-0.35048158274261987,3,1,-0.02172276725311506,0,2.0
8,3,1.0,0,-0.03633229900298677,0,2,-0.041127673317419025,0,2.0
9,2,1.0,0,-0.199689926547596,1,0,-0.004164135029927315,0,0.0
10,3,0.0,0,-0.3253496400434492,1,1,-0.0302621985406544,1,2.0
11,1,0.0,0,0.35321281283415823,0,0,-0.011036278956137255,1,2.0
12,3,1.0,1,-0.12429409845008403,0,0,-0.04714587411487504,0,2.0
13,3,1.0,1,0.1144593571920371,1,5,-0.0018136931655947724,0,2.0
14,3,0.0,0,-0.199689926547596,0,0,-0.047528050262555084,0,2.0
15,2,1.0,0,0.3155148987854023,0,0,-0.031628507546660696,0,2.0
16,3,0.0,1,-0.35048158274261987,4,1,-0.0060102136840426736,0,1.0
17,2,1.0,1,0.1647232425903784,0,0,-0.037484117572401957,0,2.0
18,3,1.0,0,0.013931586395354521,1,0,-0.02772476752949985,0,2.0
19,3,1.0,0,0.12702532854162243,0,0,-0.04875616687195388,0,0.0
20,2,1.0,1,0.06419547179369581,0,0,-0.012109807460856489,0,2.0
21,2,1.0,1,0.05162950044411049,0,0,-0.037484117572401957,1,2.0
22,3,0.0,0,-0.18712395519801064,0,0,-0.04718647301105351,0,1.0
23,1,1.0,1,-0.023766327653401448,0,0,0.006432957620657507,1,2.0
24,3,0.0,0,-0.2750857546451079,3,1,-0.02172276725311506,0,2.0
25,3,1.0,0,0.10189338584245178,1,5,-0.0015941077896294738,0,2.0
26,3,1.0,1,0.44117461228125554,0,0,-0.04875616687195388,0,0.0
27,1,1.0,1,-0.13686006979966936,3,2,0.4504833845727032,3,2.0
28,3,0.0,0,-0.11172812710049872,0,0,-0.04747925351234057,0,1.0
29,3,1.0,1,0.05162950044411049,0,0,-0.047446852470198135,0,2.0
30,1,3.0,1,0.12702532854162243,0,0,-0.0087510295500913,0,0.0
31,1,1.0,0,0.1144593571920371,1,0,0.22313112746926267,1,0.0
32,3,0.0,0,-0.17455798384842533,0,0,-0.047731435117449164,0,1.0
33,2,1.0,1,0.45374058363084085,0,0,-0.042363792593853006,0,2.0
34,1,1.0,1,-0.023766327653401448,1,0,0.0975282924171126,0,0.0
35,1,1.0,1,0.15215727124079306,1,0,0.038638812762234444,0,2.0
36,3,1.0,1,-0.14942604114925467,0,0,-0.04874796901791785,0,0.0
37,3,1.0,1,-0.11172812710049872,0,0,-0.04714587411487504,0,2.0
38,3,0.0,0,-0.14942604114925467,2,0,-0.02772476752949985,0,2.0
39,3,0.0,0,-0.199689926547596,1,0,-0.04091609060848891,0,0.0
40,3,1.0,0,0.12702532854162243,1,0,-0.044364459352647934,0,2.0
41,2,1.0,0,-0.03633229900298677,1,0,-0.02186915750375859,0,2.0
42,3,1.0,1,0.18985518528954903,0,0,-0.047446852470198135,0,0.0
43,2,0.0,0,-0.33791561139303455,1,2,0.0182987657768196,0,0.0
44,3,0.0,0,-0.13686006979966936,0,0,-0.04747925351234057,0,1.0
45,3,1.0,1,0.05162950044411049,0,0,-0.04714587411487504,0,2.0
46,3,1.0,1,-0.07403021305174275,1,0,-0.0326044425509509,0,1.0
47,3,0.0,0,-0.12429409845008403,0,0,-0.047731435117449164,0,1.0
48,3,1.0,1,-0.13686006979966936,2,0,-0.020543447393930766,0,0.0
49,3,1.0,0,-0.14942604114925467,1,0,-0.028115141531215936,0,2.0
50,3,0.0,1,-0.28765172599469324,4,1,0.014606413281588017,0,2.0
51,3,1.0,1,-0.11172812710049872,0,0,-0.04763384161702014,0,2.0
52,1,1.0,0,0.24011907068789035,1,0,0.0869069965784214,1,0.0
53,2,1.0,0,-0.011200356303816125,1,0,-0.012109807460856489,0,2.0
54,1,1.0,1,0.44117461228125554,0,1,0.05811691395186017,1,0.0
55,1,1.0,1,-0.07403021305174275,0,0,0.006432957620657507,1,2.0
56,2,0.0,0,-0.11172812710049872,0,0,-0.042363792593853006,0,2.0
57,3,1.0,1,-0.017483341978608787,0,0,-0.04874796901791785,0,0.0
58,2,0.0,0,-0.31278366869386387,1,2,-0.008694034945840753,0,2.0
59,3,0.0,1,-0.23738784059635196,5,2,0.0286842757184743,0,2.0
60,3,1.0,1,-0.09916215575091339,0,0,-0.04874796901791785,0,0.0
61,1,0.0,0,0.10189338584245178,0,0,0.09329117300248622,1,
62,1,1.0,1,0.18985518528954903,1,0,0.10007392128230316,1,2.0
63,3,0.0,1,-0.3253496400434492,3,2,-0.008401254444553691,0,2.0
64,1,1.0,1,0.013931586395354521,0,0,-0.0087510295500913,0,0.0
65,3,0.0,1,-0.14942604114925467,1,1,-0.03310060790713205,0,0.0
66,2,1.0,0,-0.011200356303816125,0,0,-0.042363792593853006,1,2.0
67,3,1.0,1,-0.13686006979966936,0,0,-0.04693448659294577,0,2.0
68,3,0.0,0,-0.16199201249884002,4,2,-0.047389857865947585,0,2.0
69,3,1.0,1,-0.0488982703525721,2,0,-0.045950353734619524,0,2.0
70,2,1.0,1,0.026497557744939844,0,0,-0.042363792593853006,0,2.0
71,3,0.0,0,-0.17455798384842533,5,2,0.0286842757184743,0,2.0
72,2,1.0,1,-0.11172812710049872,0,0,0.08060401794671349,0,2.0
73,3,1.0,1,-0.0488982703525721,1,0,-0.03464570820592431,0,0.0
74,3,1.0,1,0.026497557744939844,0,0,0.04741402994681031,0,2.0
75,3,1.0,1,-0.06146424170215742,0,0,-0.047926622118307206,2,2.0
76,3,1.0,1,0.026497557744939844,0,0,-0.047446852470198135,0,2.0
77,3,1.0,1,-0.17455798384842533,0,0,-0.04714587411487504,0,2.0
78,2,0.0,1,-0.3651837692216347,0,2,-0.006254197435115226,0,2.0
79,3,0.0,0,0.001365615045769198,0,0,-0.03850884932690667,0,2.0
80,3,1.0,1,-0.09916215575091339,0,0,-0.04529159760672364,0,2.0
81,3,1.0,1,-0.011200356303816125,0,0,-0.04431566260243343,0,2.0
82,3,0.0,0,0.25268504203747566,0,0,-0.04765823999212739,0,1.0
83,1,1.0,1,-0.023766327653401448,0,0,0.029074649720190388,0,2.0
84,2,0.0,0,-0.16199201249884002,0,0,-0.042363792593853006,0,2.0
85,3,1.0,0,0.039063529094525165,3,0,-0.031921288047947756,0,2.0
86,3,1.0,1,-0.17455798384842533,1,3,0.004237103861004534,0,2.0
87,3,1.0,1,-0.07403021305174275,0,0,-0.04714587411487504,0,2.0
88,1,0.0,0,-0.08659618440132806,3,2,0.4504833845727032,3,2.0
89,3,1.0,1,-0.07403021305174275,0,0,-0.04714587411487504,0,2.0
90,3,1.0,1,-0.011200356303816125,0,0,-0.04714587411487504,0,2.0
91,3,1.0,1,-0.12429409845008403,0,0,-0.047528050262555084,0,2.0
92,1,1.0,1,0.20242115663913438,1,0,0.0565472200909598,1,2.0
93,3,1.0,1,-0.0488982703525721,1,2,-0.022698702257405272,0,2.0
94,3,1.0,1,0.36577878418374354,0,0,-0.048707370121739375,0,2.0
95,3,1.0,1,0.3406468414845729,0,0,-0.04714587411487504,0,2.0
96,1,1.0,1,0.5165704403787675,0,0,0.004782065967400193,1,0.0
97,1,1.0,1,-0.08659618440132806,0,1,0.060808737880693436,2,0.0
98,2,1.0,0,0.05162950044411049,0,1,-0.01796541748659775,0,2.0
99,2,1.0,1,0.05162950044411049,1,0,-0.012109807460856489,0,2.0
100,3,0.0,0,-0.023766327653401448,0,0,-0.047446852470198135,0,2.0
101,3,1.0,1,0.13959129989120775,0,0,-0.047446852470198135,0,2.0
102,1,1.0,1,-0.11172812710049872,0,1,0.08799672560421182,1,2.0
103,3,1.0,1,0.039063529094525165,0,0,-0.045966554255690746,0,2.0
104,3,1.0,1,0.08932741449286646,2,0,-0.047389857865947585,0,2.0
105,3,1.0,1,-0.023766327653401448,0,0,-0.047446852470198135,0,2.0
106,3,0.0,0,-0.11172812710049872,0,0,-0.047926622118307206,0,2.0
107,3,1.0,1,0.1144593571920371,0,0,-0.04768263836723465,0,2.0
108,3,1.0,1,0.10189338584245178,0,0,-0.047446852470198135,0,2.0
109,3,0.0,0,0.05162950044411049,1,0,-0.01572076697673027,0,1.0
110,1,1.0,1,0.2149871279887197,0,0,0.038638812762234444,1,2.0
111,3,0.0,0,-0.1934069408728033,1,0,-0.03464570820592431,0,0.0
112,3,1.0,1,-0.09916215575091339,0,0,-0.04714587411487504,0,2.0
113,3,0.0,0,-0.12429409845008403,1,0,-0.04368130484964479,0,2.0
114,3,0.0,0,-0.16199201249884002,0,0,-0.034637705538889126,0,0.0
115,3,1.0,1,-0.11172812710049872,0,0,-0.047389857865947585,0,2.0
116,3,1.0,1,0.5102874547039749,0,0,-0.047731435117449164,0,1.0
117,2,1.0,1,-0.011200356303816125,1,0,-0.02186915750375859,0,2.0
118,1,1.0,1,-0.07403021305174275,0,1,0.4202699983358852,2,0.0
119,3,0.0,0,-0.35048158274261987,4,2,-0.0018136931655947724,0,2.0
120,2,1.0,1,-0.11172812710049872,2,0,0.08060401794671349,0,2.0
121,3,1.0,1,-0.07403021305174275,0,0,-0.04714587411487504,0,2.0
122,2,1.0,1,0.03278054341973251,1,0,-0.004164135029927315,0,0.0
123,2,0.0,0,0.03278054341973251,0,0,-0.037484117572401957,1,2.0
124,1,1.0,1,0.302948927435817,0,1,0.08799672560421182,1,2.0
125,3,0.0,1,-0.22482186924676661,1,0,-0.04091609060848891,0,0.0
126,3,1.0,1,-0.07403021305174275,0,0,-0.047731435117449164,0,1.0
127,3,1.0,1,-0.07403021305174275,0,0,-0.04891875764366863,0,2.0
128,3,0.0,0,0.013931586395354521,1,1,-0.019217932471103805,2,0.0
129,3,1.0,1,0.18985518528954903,0,0,-0.04924413437409898,0,2.0
130,3,1.0,1,0.039063529094525165,0,0,-0.047446852470198135,0,0.0
131,3,1.0,1,-0.12429409845008403,0,0,-0.04909774412345545,0,2.0
132,3,1.0,0,0.2149871279887197,1,0,-0.03455631255953132,0,2.0
133,2,1.0,0,-0.011200356303816125,1,0,-0.012109807460856489,0,2.0
134,2,1.0,1,-0.06146424170215742,0,0,-0.037484117572401957,0,2.0
135,2,1.0,1,-0.08659618440132806,0,0,-0.03349098190884813,0,0.0
136,1,0.0,0,-0.13686006979966936,0,2,-0.011556842687425654,1,2.0
137,1,1.0,1,0.08932741449286646,1,0,0.04078586977167291,1,2.0
138,3,1.0,1,-0.17455798384842533,0,0,-0.04486862737586426,0,2.0
139,1,1.0,1,-0.07403021305174275,0,0,0.09172967699562189,1,0.0
140,3,1.0,0,0.25268504203747566,0,2,-0.03310060790713205,0,0.0
141,3,0.0,0,-0.09916215575091339,0,0,-0.047731435117449164,0,2.0
142,3,1.0,0,-0.07403021305174275,1,0,-0.031921288047947756,0,2.0
143,3,1.0,1,-0.13686006979966936,0,0,-0.04968330512602958,0,1.0
144,2,1.0,1,-0.14942604114925467,0,0,-0.04041192258527258,0,2.0
145,2,1.0,1,-0.13686006979966936,1,1,0.008872795131383032,0,2.0
146,3,1.0,1,-0.03633229900298677,0,0,-0.04764203947105618,0,2.0
147,3,0.0,0,-0.2625197832955226,2,2,0.004237103861004534,0,2.0
148,2,1.0,1,0.08304442881807379,0,2,-0.012109807460856489,1,2.0
149,2,2.0,1,0.15215727124079306,0,0,-0.037484117572401957,0,2.0
150,2,2.0,1,0.265251013387061,0,0,-0.038411255826477655,0,2.0
151,1,1.0,0,-0.09916215575091339,1,0,0.06713611488750858,1,2.0
152,3,1.0,1,0.3217978844601949,0,0,-0.04714587411487504,0,2.0
153,3,1.0,1,0.1333083142164151,0,2,-0.03455631255953132,0,2.0
154,3,1.0,1,-0.023766327653401448,0,0,-0.0485853782462031,0,2.0
155,1,1.0,1,0.265251013387061,0,1,0.05694579194671192,0,0.0
156,3,0.0,0,-0.17455798384842533,0,0,-0.047764031346592455,0,1.0
157,3,1.0,1,0.001365615045769198,0,0,-0.04714587411487504,0,2.0
158,3,1.0,1,-0.011200356303816125,0,0,-0.045950353734619524,0,2.0
159,3,0.0,1,0.1144593571920371,8,2,0.07289413141282082,0,2.0
160,3,1.0,1,0.17728921393996372,0,1,-0.03143332054580265,0,2.0
161,2,1.0,0,0.12702532854162243,0,0,-0.0321164750488058,0,2.0
162,3,1.0,1,-0.0488982703525721,0,0,-0.04768263836723465,0,2.0
163,3,1.0,1,-0.16199201249884002,0,0,-0.045950353734619524,0,2.0
164,3,0.0,1,-0.3630475540922052,4,1,0.014606413281588017,0,2.0
165,3,0.0,1,-0.2625197832955226,0,2,-0.022796295757834293,0,2.0
166,1,1.0,0,0.07676144314328114,0,1,0.044494422787975704,1,2.0
167,3,1.0,0,0.18985518528954903,1,4,-0.008401254444553691,0,2.0
168,1,1.0,1,0.026497557744939844,0,0,-0.012256197711500019,0,2.0
169,3,1.0,1,-0.023766327653401448,0,0,0.04741402994681031,0,2.0
170,1,1.0,1,0.39091072688291423,0,0,0.002529217603496666,1,2.0
171,3,0.0,1,-0.3253496400434492,4,1,-0.0060102136840426736,0,1.0
172,3,0.0,0,-0.3630475540922052,1,1,-0.041127673317419025,0,2.0
173,3,1.0,1,-0.11172812710049872,0,0,-0.047389857865947585,0,2.0
174,1,1.0,1,0.3280808701349876,0,0,-0.002944216274564552,1,0.0
175,3,1.0,1,-0.14942604114925467,1,1,-0.047528050262555084,0,2.0
176,3,0.0,1,-0.09916215575091339,3,1,-0.013150739736432427,0,2.0
177,1,0.0,0,0.25268504203747566,0,0,-0.0068153600625821,1,0.0
178,2,1.0,1,0.001365615045769198,0,0,-0.037484117572401957,0,2.0
179,3,1.0,1,0.07676144314328114,0,0,-0.06285842768394742,0,2.0
180,3,0.0,0,0.15215727124079306,8,2,0.07289413141282082,0,2.0
181,2,1.0,1,0.013931586395354521,0,0,-0.033482784054812094,0,0.0
182,3,0.0,1,-0.2625197832955226,4,2,-0.0015941077896294738,0,2.0
183,2,0.0,1,-0.3630475540922052,2,1,0.01326450265068898,1,2.0
184,3,0.0,0,-0.3253496400434492,0,2,-0.019868490744963663,0,2.0
185,1,1.0,1,-0.0488982703525721,0,0,0.034735072745073606,1,2.0
186,3,1.0,0,0.265251013387061,1,0,-0.0326044425509509,0,1.0
187,1,1.0,1,0.18985518528954903,0,0,-0.011036278956137255,0,2.0
188,3,1.0,1,0.12702532854162243,1,1,-0.0326044425509509,0,1.0
189,3,1.0,1,0.07676144314328114,0,0,-0.047446852470198135,0,2.0
190,2,1.0,0,0.026497557744939844,0,0,-0.037484117572401957,0,2.0
191,2,1.0,1,-0.13686006979966936,0,0,-0.037484117572401957,0,2.0
192,3,0.0,0,-0.13686006979966936,1,0,-0.047528050262555084,0,2.0
193,2,0.0,1,-0.33791561139303455,1,1,-0.012109807460856489,1,2.0
194,1,1.0,0,0.17728921393996372,0,0,-0.0087510295500913,1,0.0
195,1,0.0,0,0.35321281283415823,0,0,0.22313112746926267,1,0.0
196,3,1.0,1,-0.07403021305174275,0,0,-0.047731435117449164,0,1.0
197,3,1.0,1,0.15215727124079306,0,1,-0.046454521757835855,0,2.0
198,3,0.0,0,-0.18712395519801064,0,0,-0.047731435117449164,0,1.0
199,2,0.0,0,-0.07403021305174275,0,0,-0.037484117572401957,0,2.0
200,3,1.0,1,-0.023766327653401448,0,0,-0.04431566260243343,0,2.0
201,3,1.0,1,0.013931586395354521,8,2,0.07289413141282082,0,2.0
202,3,1.0,1,0.05162950044411049,0,0,-0.05017947048221073,0,2.0
203,3,1.0,1,0.19613817096434172,0,0,-0.04875616687195388,0,0.0
204,3,1.0,1,-0.14942604114925467,0,0,-0.04714587411487504,0,2.0
205,3,0.0,0,-0.35048158274261987,0,1,-0.04243698771917477,1,2.0
206,3,1.0,1,0.026497557744939844,1,0,-0.031921288047947756,0,2.0
207,3,1.0,1,-0.0488982703525721,0,0,-0.02618766989774277,0,0.0
208,3,0.0,0,-0.17455798384842533,0,0,-0.047731435117449164,0,1.0
209,1,1.0,1,0.12702532854162243,0,0,-0.0023504574179543853,1,0.0
210,3,1.0,1,-0.07403021305174275,0,0,-0.04909774412345545,0,2.0
211,2,0.0,0,0.06419547179369581,0,0,-0.02186915750375859,0,2.0
212,3,1.0,1,-0.09916215575091339,0,0,-0.048707370121739375,0,2.0
213,2,1.0,1,0.001365615045769198,0,0,-0.037484117572401957,0,2.0
214,3,1.0,1,0.2778169847366463,1,0,-0.047731435117449164,0,1.0
215,1,0.0,0,0.013931586395354521,1,0,0.1582396475379997,1,0.0
216,3,0.0,0,-0.03633229900298677,0,0,-0.047389857865947585,0,2.0
217,2,1.0,1,0.15215727124079306,1,0,-0.010157937452276068,0,2.0
218,1,0.0,0,0.026497557744939844,0,0,0.08605305344966746,1,0.0
219,2,1.0,1,0.001365615045769198,0,0,-0.042363792593853006,0,2.0
220,3,1.0,1,-0.17455798384842533,0,0,-0.04714587411487504,0,2.0
221,2,1.0,1,-0.03633229900298677,0,0,-0.037484117572401957,0,2.0
222,3,1.0,1,0.265251013387061,0,0,-0.04714587411487504,0,2.0
223,3,1.0,1,-0.14942604114925467,0,0,-0.047446852470198135,0,2.0
224,1,1.0,1,0.10189338584245178,1,0,0.11280987308829042,1,2.0
225,3,1.0,1,-0.09916215575091339,0,0,-0.04460844310372049,0,2.0
226,2,1.0,1,-0.13686006979966936,0,0,-0.042363792593853006,0,2.0
227,3,1.0,1,-0.11801111277529137,0,0,-0.048707370121739375,0,2.0
228,2,1.0,1,-0.14942604114925467,0,0,-0.037484117572401957,0,2.0
229,3,0.0,0,-0.09916215575091339,3,1,-0.013150739736432427,0,2.0
230,1,1.0,0,0.06419547179369581,1,0,0.10007392128230316,1,2.0
231,3,1.0,1,-0.011200356303816125,0,0,-0.04768263836723465,0,2.0
232,2,1.0,1,0.36577878418374354,0,0,-0.036508182568111745,0,2.0
233,3,0.0,0,-0.31278366869386387,4,2,-0.0015941077896294738,0,2.0
234,2,1.0,1,-0.07403021305174275,0,0,-0.042363792593853006,0,2.0
235,3,0.0,0,0.05162950044411049,0,0,-0.04812180911916524,0,2.0
236,2,1.0,1,0.17728921393996372,1,0,-0.012109807460856489,0,2.0
237,2,0.0,0,-0.2750857546451079,0,2,-0.011621839958711383,0,2.0
238,2,1.0,1,-0.13686006979966936,0,0,-0.042363792593853006,0,2.0
239,2,1.0,1,0.039063529094525165,0,0,-0.038899223328622765,0,2.0
240,3,0.0,0,0.05162950044411049,1,0,-0.03464570820592431,0,0.0
241,3,0.0,0,-0.09916215575091339,1,0,-0.0326044425509509,0,1.0
242,2,1.0,1,-0.011200356303816125,0,0,-0.042363792593853006,0,2.0
243,3,1.0,1,-0.09916215575091339,0,0,-0.04895135387281192,0,2.0
244,3,1.0,1,0.001365615045769198,0,0,-0.04875616687195388,0,0.0
245,1,2.0,1,0.17728921393996372,2,0,0.11280987308829042,1,1.0
246,3,0.0,0,-0.06146424170215742,0,0,-0.04768263836723465,0,2.0
247,2,1.0,0,-0.07403021305174275,0,2,-0.03455631255953132,0,2.0
248,1,1.0,1,0.08932741449286646,1,1,0.03972053912098972,1,2.0
249,2,2.0,1,0.302948927435817,1,0,-0.012109807460856489,0,2.0
250,3,1.0,1,-0.11172812710049872,0,0,-0.048707370121739375,0,2.0
251,3,1.0,0,-0.011200356303816125,1,1,-0.04243698771917477,1,2.0
252,1,1.0,1,0.4034766982324996,0,0,-0.011036278956137255,1,2.0
253,3,1.0,1,0.001365615045769198,1,0,-0.03143332054580265,0,2.0
254,3,1.0,0,0.13959129989120775,0,2,-0.023406255135515676,0,2.0
255,3,1.0,0,-0.011200356303816125,0,2,-0.03310060790713205,0,0.0
256,1,1.0,0,0.15215727124079306,0,0,0.09172967699562189,0,0.0
257,1,0.0,0,0.001365615045769198,0,0,0.10597832805825895,1,2.0
258,1,0.0,0,0.06419547179369581,0,0,0.9371415723160527,0,0.0
259,2,1.0,0,0.25268504203747566,0,1,-0.012109807460856489,0,2.0
260,3,1.0,1,0.06419547179369581,0,0,-0.047731435117449164,0,1.0
261,3,0.0,1,-0.33791561139303455,4,2,-0.0015941077896294738,0,2.0
262,1,1.0,1,0.2778169847366463,1,1,0.09260801849948308,1,2.0
263,1,1.0,1,0.12702532854162243,0,0,-0.06285842768394742,1,2.0
264,3,0.0,0,0.039063529094525165,0,0,-0.047731435117449164,0,1.0
265,2,1.0,1,0.07676144314328114,0,0,-0.042363792593853006,0,2.0
266,3,1.0,1,-0.17455798384842533,4,1,0.014606413281588017,0,2.0
267,3,1.0,1,-0.06146424170215742,1,0,-0.04768263836723465,0,2.0
268,1,1.0,0,0.35321281283415823,0,1,0.23668042350782537,1,2.0
269,1,0.0,0,0.06419547179369581,0,0,0.20188014275084332,1,2.0
270,1,1.0,1,-0.0488982703525721,0,0,-0.0023504574179543853,0,2.0
271,3,1.0,1,-0.06146424170215742,0,0,-0.06285842768394742,0,2.0
272,2,1.0,0,0.13959129989120775,0,1,-0.02479696251662922,0,2.0
273,1,1.0,1,0.08932741449286646,0,1,-0.004887888429108933,1,0.0
274,3,0.0,0,-0.09916215575091339,0,0,-0.047731435117449164,0,1.0
275,1,0.0,0,0.4160426695820849,1,0,0.08930604000596756,1,2.0
276,3,0.0,0,0.18985518528954903,0,0,-0.047731435117449164,0,2.0
277,2,1.0,1,-0.023766327653401448,0,0,-0.06285842768394742,0,2.0
278,3,0.0,1,-0.28765172599469324,4,1,-0.0060102136840426736,0,1.0
279,3,1.0,0,0.06419547179369581,1,1,-0.023333060010193904,0,2.0
280,3,1.0,1,0.44117461228125554,0,0,-0.047731435117449164,0,1.0
281,3,1.0,1,-0.023766327653401448,0,0,-0.047528050262555084,0,2.0
282,3,1.0,1,-0.17455798384842533,0,0,-0.04431566260243343,0,2.0
283,3,1.0,1,-0.13686006979966936,0,0,-0.04714587411487504,0,2.0
284,1,1.0,1,0.06419547179369581,0,0,-0.012109807460856489,1,2.0
285,3,1.0,1,0.039063529094525165,0,0,-0.045950353734619524,0,0.0
286,3,1.0,1,0.001365615045769198,0,0,-0.04431566260243343,0,2.0
287,3,1.0,1,-0.09916215575091339,0,0,-0.047446852470198135,0,2.0
288,2,1.0,1,0.15215727124079306,0,0,-0.037484117572401957,0,2.0
289,3,0.0,0,-0.09916215575091339,0,0,-0.047731435117449164,0,1.0
290,1,0.0,0,-0.0488982703525721,0,0,0.09104652249261873,0,2.0
291,1,1.0,0,-0.13686006979966936,1,0,0.11491633120155041,1,0.0
292,2,1.0,1,0.07676144314328114,0,0,-0.037728101323474504,1,0.0
293,3,0.0,0,-0.07403021305174275,0,0,-0.0455843781080107,0,2.0
294,3,1.0,1,-0.07403021305174275,0,0,-0.047446852470198135,0,2.0
295,1,1.0,1,0.13959129989120775,0,0,-0.0087510295500913,0,0.0
296,3,1.0,1,-0.0803131987265354,0,0,-0.04874796901791785,0,0.0
297,1,0.0,0,-0.35048158274261987,1,2,0.23294747211641534,2,2.0
298,1,1.0,1,0.06419547179369581,0,0,-0.0033263924222445957,1,2.0
299,1,1.0,0,0.25268504203747566,0,1,0.4202699983358852,2,0.0
300,3,0.0,0,-0.12429409845008403,0,0,-0.047731435117449164,0,1.0
301,3,1.0,1,-0.07403021305174275,2,0,-0.017477449984452643,0,1.0
302,3,1.0,1,-0.13686006979966936,0,0,-0.06285842768394742,0,2.0
303,2,0.0,0,0.1144593571920371,0,0,-0.03875283307797923,1,1.0
304,3,1.0,1,-0.3630475540922052,0,0,-0.04714587411487504,0,2.0
305,1,0.0,1,-0.364052831800172,1,2,0.23294747211641534,2,2.0
306,1,0.0,0,-0.023766327653401448,0,0,0.15357136003847793,0,0.0
307,1,1.0,0,-0.16199201249884002,1,0,0.14970021625046037,1,0.0
308,2,1.0,1,0.001365615045769198,1,0,-0.01601354747801733,0,0.0
309,1,0.0,0,0.001365615045769198,0,0,0.04825997040852906,1,0.0
310,1,0.0,0,-0.07403021305174275,0,0,0.09945576405058576,1,0.0
311,1,0.0,0,-0.14942604114925467,2,2,0.44926346581734045,4,0.0
312,2,1.0,0,-0.0488982703525721,1,1,-0.012109807460856489,0,2.0
313,3,1.0,1,-0.023766327653401448,0,0,-0.047446852470198135,0,2.0
314,2,1.0,1,0.1647232425903784,1,1,-0.011621839958711383,0,2.0
315,3,0.0,0,-0.0488982703525721,0,0,-0.047528050262555084,0,2.0
316,2,1.0,0,-0.07403021305174275,1,0,-0.012109807460856489,0,2.0
317,2,2.0,1,0.302948927435817,0,0,-0.035532247563821534,0,2.0
318,1,0.0,0,0.013931586395354521,0,2,0.2589399394596782,1,2.0
319,1,1.0,0,0.12702532854162243,1,1,0.19966808847011913,1,0.0
320,3,1.0,1,-0.09916215575091339,0,0,-0.048707370121739375,0,2.0
321,3,1.0,1,-0.03633229900298677,0,0,-0.047446852470198135,0,2.0
322,2,0.0,0,0.001365615045769198,0,0,-0.03875283307797923,0,1.0
323,2,1.0,0,-0.09916215575091339,1,1,-0.006254197435115226,0,2.0
324,3,1.0,1,0.2778169847366463,8,2,0.07289413141282082,0,2.0
325,1,0.0,0,0.07676144314328114,0,0,0.20188014275084332,1,0.0
326,3,1.0,1,0.39091072688291423,0,0,-0.050683638505427044,0,2.0
327,2,1.0,0,0.07676144314328114,0,0,-0.037484117572401957,1,2.0
328,3,1.0,0,0.013931586395354521,1,1,-0.022796295757834293,0,2.0
329,1,0.0,0,-0.17455798384842533,0,1,0.05030943391753849,1,0.0
330,3,0.0,0,-0.17455798384842533,2,0,-0.017477449984452643,0,1.0
331,1,1.0,1,0.19613817096434172,0,0,-0.007230132439405437,1,2.0
332,1,1.0,1,0.10189338584245178,0,1,0.23668042350782537,1,2.0
333,3,1.0,1,-0.17455798384842533,2,0,-0.02772476752949985,0,2.0
334,1,1.0,0,-0.30021769734427856,1,0,0.19800899896282578,0,2.0
335,3,1.0,1,-0.17455798384842533,0,0,-0.047446852470198135,0,2.0
336,1,1.0,1,-0.011200356303816125,1,0,0.06713611488750858,1,2.0
337,1,0.0,0,0.13959129989120775,0,0,0.19966808847011913,1,0.0
338,3,1.0,1,0.18985518528954903,0,0,-0.04714587411487504,0,2.0
339,1,1.0,1,0.18985518528954903,0,0,0.006432957620657507,1,2.0
340,2,0.0,1,-0.35048158274261987,1,1,-0.012109807460856489,1,2.0
341,1,0.0,0,-0.07403021305174275,3,2,0.4504833845727032,3,2.0
342,2,1.0,1,-0.023766327653401448,0,0,-0.037484117572401957,0,2.0
343,2,1.0,1,-0.06146424170215742,0,0,-0.037484117572401957,0,2.0
344,2,1.0,1,0.07676144314328114,0,0,-0.037484117572401957,0,2.0
345,2,0.0,0,-0.07403021305174275,0,0,-0.037484117572401957,1,2.0
346,2,0.0,0,0.12702532854162243,0,0,-0.037484117572401957,0,2.0
347,3,1.0,0,-0.09916215575091339,1,0,-0.03143332054580265,0,2.0
348,3,0.0,1,-0.33791561139303455,1,1,-0.03182369454751874,0,2.0
349,3,1.0,1,0.15215727124079306,0,0,-0.045950353734619524,0,2.0
350,3,1.0,1,-0.08659618440132806,0,0,-0.044852426854793036,0,2.0
351,1,1.0,1,0.2778169847366463,0,0,0.005457022616367296,1,2.0
352,3,1.0,1,-0.18712395519801064,1,1,-0.04874796901791785,0,0.0
353,3,1.0,1,-0.06146424170215742,1,0,-0.028115141531215936,0,2.0
354,3,1.0,1,0.001365615045769198,0,0,-0.04875616687195388,0,0.0
355,3,1.0,1,-0.023766327653401448,0,0,-0.04431566260243343,0,2.0
356,1,0.0,0,-0.09916215575091339,0,1,0.044494422787975704,1,2.0
357,2,0.0,0,0.10189338584245178,0,0,-0.037484117572401957,0,2.0
358,3,0.0,0,-0.011200356303816125,0,0,-0.04747925351234057,0,1.0
359,3,0.0,0,0.001365615045769198,0,0,-0.04747925351234057,0,1.0
360,3,1.0,1,0.12702532854162243,1,4,-0.008401254444553691,0,2.0
361,2,1.0,1,-0.011200356303816125,1,0,-0.0087510295500913,0,0.0
362,3,1.0,0,0.18985518528954903,0,1,-0.03464570820592431,0,0.0
363,3,1.0,1,0.06419547179369581,0,0,-0.04909774412345545,0,2.0
364,3,1.0,1,-0.06146424170215742,1,0,-0.0326044425509509,0,1.0
365,3,1.0,1,0.001365615045769198,0,0,-0.048707370121739375,0,2.0
366,1,1.0,0,0.3783447555333289,1,0,0.08401979046172922,1,0.0
367,3,1.0,0,0.3280808701349876,0,0,-0.04874796901791785,0,0.0
368,3,0.0,0,-0.07403021305174275,0,0,-0.047731435117449164,0,1.0
369,1,1.0,0,-0.07403021305174275,0,0,0.07240616391067571,1,0.0
370,1,1.0,1,-0.06146424170215742,1,0,0.045356563770765676,1,0.0
371,3,1.0,1,-0.14942604114925467,1,0,-0.05017947048221073,0,2.0
372,3,1.0,1,-0.13686006979966936,0,0,-0.04714587411487504,0,2.0
373,1,1.0,1,-0.09916215575091339,0,0,0.20188014275084332,0,0.0
374,3,0.0,0,-0.33791561139303455,3,1,-0.02172276725311506,0,2.0
375,1,1.0,0,-0.35048158274261987,1,0,0.0975282924171126,0,0.0
376,3,0.0,0,-0.09916215575091339,0,0,-0.048707370121739375,0,2.0
377,1,1.0,1,-0.03633229900298677,0,2,0.34996207913081157,1,0.0
378,3,1.0,1,-0.12429409845008403,0,0,-0.055026549274518485,0,0.0
379,3,1.0,1,-0.13686006979966936,0,0,-0.04768263836723465,0,2.0
380,1,0.0,0,0.15215727124079306,0,0,0.38124079601831273,0,0.0
381,3,0.0,0,-0.3630475540922052,0,2,-0.03213267556987701,0,0.0
382,3,1.0,1,0.026497557744939844,0,0,-0.047389857865947585,0,2.0
383,1,1.0,0,0.06419547179369581,1,0,0.038638812762234444,0,2.0
384,3,1.0,1,-0.12429409845008403,0,0,-0.047446852470198135,0,2.0
385,2,1.0,1,-0.14942604114925467,0,0,0.08060401794671349,0,2.0
386,3,0.0,1,-0.3630475540922052,5,2,0.0286842757184743,0,2.0
387,2,0.0,0,0.07676144314328114,0,0,-0.037484117572401957,0,2.0
388,3,1.0,1,0.013931586395354521,0,0,-0.04777203401362764,0,1.0
389,2,0.0,0,-0.16199201249884002,0,0,-0.03943598758098237,0,0.0
390,1,1.0,1,0.07676144314328114,1,2,0.17136597334570303,2,2.0
391,3,1.0,1,-0.11172812710049872,0,0,-0.04764203947105618,0,2.0
392,3,1.0,1,-0.023766327653401448,2,0,-0.047389857865947585,0,2.0
393,1,0.0,0,-0.08659618440132806,1,0,0.1582396475379997,1,0.0
394,3,1.0,0,-0.07403021305174275,0,2,-0.0302621985406544,1,2.0
395,3,1.0,1,-0.09916215575091339,0,0,-0.04764203947105618,0,2.0
396,3,0.0,0,0.013931586395354521,0,0,-0.047528050262555084,0,2.0
397,2,1.0,1,0.20242115663913438,0,0,-0.012109807460856489,0,2.0
398,2,2.0,1,-0.08659618440132806,0,0,-0.042363792593853006,0,2.0
399,2,1.0,0,-0.023766327653401448,0,0,-0.0381672720754051,0,2.0
400,3,1.0,1,0.1144593571920371,0,0,-0.047389857865947585,0,2.0
401,3,1.0,1,-0.0488982703525721,0,0,-0.04714587411487504,0,2.0
402,3,0.0,0,-0.11172812710049872,1,0,-0.04368130484964479,0,2.0
403,3,1.0,1,-0.023766327653401448,1,0,-0.031921288047947756,0,2.0
404,3,0.0,0,-0.12429409845008403,0,0,-0.045950353734619524,0,2.0
405,2,1.0,1,0.05162950044411049,1,0,-0.02186915750375859,0,2.0
406,3,1.0,1,0.265251013387061,0,0,-0.047731435117449164,0,2.0
407,2,0.0,1,-0.33791561139303455,1,1,-0.026260865023064538,0,2.0
408,3,1.0,1,-0.11172812710049872,0,0,-0.04768263836723465,0,2.0
409,3,0.0,0,-0.3253496400434492,3,1,-0.013150739736432427,0,2.0
410,3,1.0,1,0.25268504203747566,0,0,-0.047446852470198135,0,2.0
411,3,1.0,1,-0.31278366869386387,0,0,-0.04947191760410032,0,1.0
412,1,0.0,0,0.039063529094525165,1,0,0.11280987308829042,1,1.0
413,2,1.0,1,-0.17455798384842533,0,0,-0.06285842768394742,0,2.0
414,3,1.0,1,0.17728921393996372,0,0,-0.047389857865947585,0,2.0
415,3,1.0,0,0.5040044690291822,0,0,-0.04714587411487504,0,2.0
416,2,1.0,0,0.05162950044411049,1,1,0.0005773475949162455,0,2.0
417,2,0.0,0,-0.14942604114925467,0,2,-0.037484117572401957,0,2.0
418,2,1.0,1,0.001365615045769198,0,0,-0.037484117572401957,0,2.0
419,3,0.0,0,-0.24995381194593727,0,2,-0.01572076697673027,0,2.0
420,3,1.0,1,-0.06146424170215742,0,0,-0.047446852470198135,0,0.0
421,3,1.0,1,-0.11172812710049872,0,0,-0.047764031346592455,0,1.0
422,3,1.0,1,-0.011200356303816125,0,0,-0.04748745136637661,0,2.0
423,3,1.0,0,-0.023766327653401448,1,1,-0.034751499560389365,0,2.0
424,3,1.0,1,-0.14942604114925467,1,1,-0.023406255135515676,0,2.0
425,3,1.0,1,0.20242115663913438,0,0,-0.048707370121739375,0,2.0
426,2,1.0,0,-0.023766327653401448,1,0,-0.012109807460856489,0,2.0
427,2,0.0,0,-0.13686006979966936,0,0,-0.012109807460856489,0,2.0
428,3,1.0,1,0.05162950044411049,0,0,-0.047731435117449164,0,1.0
429,3,1.0,1,0.026497557744939844,0,0,-0.04714587411487504,1,2.0
430,1,1.0,1,-0.023766327653401448,0,0,-0.011036278956137255,1,2.0
431,3,1.0,0,-0.12429409845008403,1,0,-0.03143332054580265,0,2.0
432,2,1.0,0,0.15215727124079306,1,0,-0.012109807460856489,0,2.0
433,3,1.0,1,-0.16199201249884002,0,0,-0.04895135387281192,0,2.0
434,1,1.0,1,0.25268504203747566,1,0,0.046251105795698084,1,2.0
435,1,0.0,0,-0.199689926547596,1,2,0.17136597334570303,2,2.0
436,3,0.0,0,-0.11172812710049872,2,2,0.004237103861004534,0,2.0
437,2,1.0,0,-0.07403021305174275,2,3,-0.026260865023064538,0,2.0
438,1,1.0,1,0.4286086409316702,1,4,0.4504833845727032,3,2.0
439,2,1.0,1,0.013931586395354521,0,0,-0.042363792593853006,0,2.0
440,2,1.0,0,0.18985518528954903,1,1,-0.011621839958711383,0,2.0
441,3,1.0,1,-0.12429409845008403,0,0,-0.04431566260243343,0,2.0
442,3,1.0,1,-0.06146424170215742,1,0,-0.04768263836723465,0,2.0
443,2,0.0,0,-0.023766327653401448,0,0,-0.037484117572401957,0,2.0
444,3,1.0,1,-0.011200356303816125,0,0,-0.04702388223933876,0,2.0
445,1,0.0,1,-0.3253496400434492,0,2,0.09691833303943122,1,2.0
446,2,0.0,0,-0.2122558978971813,0,1,-0.02479696251662922,0,2.0
447,1,1.0,1,0.05162950044411049,0,0,-0.011036278956137255,0,2.0
448,3,0.0,0,-0.31278366869386387,2,1,-0.02526872949770311,0,0.0
449,1,4.0,1,0.2778169847366463,0,0,-0.0033263924222445957,1,2.0
450,2,1.0,1,0.07676144314328114,1,2,-0.008694034945840753,0,2.0
451,3,1.0,1,-0.06146424170215742,1,0,-0.02388602478362474,0,2.0
452,1,1.0,1,0.001365615045769198,0,0,-0.008694034945840753,1,0.0
453,1,1.0,1,0.24011907068789035,1,0,0.1110613879346041,1,0.0
454,3,1.0,1,-0.13686006979966936,0,0,-0.04714587411487504,0,2.0
455,3,1.0,1,-0.011200356303816125,0,0,-0.047446852470198135,0,0.0
456,1,1.0,1,0.44117461228125554,0,0,-0.011036278956137255,1,2.0
457,1,1.0,0,0.07676144314328114,1,0,0.03837043063605463,1,2.0
458,2,0.0,0,0.25268504203747566,0,0,-0.042363792593853006,0,2.0
459,3,1.0,1,-0.11172812710049872,0,0,-0.047731435117449164,0,1.0
460,1,1.0,1,0.227553099338305,0,0,-0.011036278956137255,1,2.0
461,3,1.0,1,0.05162950044411049,0,0,-0.04714587411487504,0,2.0
462,1,1.0,1,0.2149871279887197,0,0,0.012288567646398768,1,2.0
463,2,1.0,1,0.227553099338305,0,0,-0.037484117572401957,0,2.0
464,3,1.0,1,-0.16199201249884002,0,0,-0.04714587411487504,0,2.0
465,3,1.0,1,0.10189338584245178,0,0,-0.04909774412345545,0,2.0
466,2,1.0,1,-0.07403021305174275,0,0,-0.06285842768394742,0,2.0
467,1,1.0,1,0.3280808701349876,0,0,-0.011036278956137255,0,2.0
468,3,1.0,1,0.013931586395354521,0,0,-0.04778023186766367,0,1.0
469,3,0.0,0,-0.3661890469296015,2,1,-0.02526872949770311,0,0.0
470,3,1.0,1,0.3155148987854023,0,0,-0.048707370121739375,0,2.0
471,3,1.0,1,0.10189338584245178,0,0,-0.045950353734619524,0,2.0
472,2,1.0,0,0.039063529094525165,1,2,-0.008694034945840753,0,2.0
473,2,1.0,0,-0.08659618440132806,0,0,-0.03593882208660884,1,0.0
474,3,0.0,0,-0.09916215575091339,0,0,-0.04365690647453754,0,2.0
475,1,1.0,1,-0.14942604114925467,0,0,0.038638812762234444,1,2.0
476,2,1.0,1,0.05162950044411049,1,0,-0.02186915750375859,0,2.0
477,3,1.0,1,-0.011200356303816125,1,0,-0.0491059419774915,0,2.0
478,3,1.0,1,-0.09916215575091339,0,0,-0.04817880372341579,0,2.0
479,3,0.0,0,-0.35048158274261987,0,1,-0.0388748249535155,0,2.0
480,3,0.0,1,-0.2625197832955226,5,2,0.0286842757184743,0,2.0
481,2,1.0,1,-0.08659618440132806,0,0,-0.06285842768394742,0,2.0
482,3,1.0,1,0.25268504203747566,0,0,-0.04714587411487504,0,2.0
483,3,1.0,0,0.4160426695820849,0,0,-0.04414487397668264,0,2.0
484,1,1.0,1,-0.06146424170215742,1,0,0.11491633120155041,1,0.0
485,3,0.0,0,-0.011200356303816125,3,1,-0.013150739736432427,0,2.0
486,1,1.0,0,0.06419547179369581,1,0,0.11280987308829042,1,2.0
487,1,1.0,1,0.35321281283415823,0,0,-0.004887888429108933,1,0.0
488,3,1.0,1,0.001365615045769198,0,0,-0.04714587411487504,0,2.0
489,3,0.0,1,-0.2625197832955226,1,1,-0.03182369454751874,0,2.0
490,3,1.0,1,-0.11172812710049872,1,0,-0.02388602478362474,0,2.0
491,3,1.0,1,-0.11172812710049872,0,0,-0.048707370121739375,0,2.0
492,1,1.0,1,0.3155148987854023,0,0,-0.0033263924222445957,1,2.0
493,1,1.0,1,0.5165704403787675,0,0,0.033767335594819425,0,0.0
494,3,1.0,1,-0.11172812710049872,0,0,-0.04714587411487504,0,2.0
495,3,1.0,1,0.05162950044411049,0,0,-0.034637705538889126,0,0.0
496,1,0.0,0,0.302948927435817,1,0,0.08990799671661377,1,0.0
497,3,1.0,1,-0.023766327653401448,0,0,-0.03338519055438307,0,2.0
498,1,1.0,0,-0.06146424170215742,1,2,0.23294747211641534,2,2.0
499,3,1.0,1,-0.07403021305174275,0,0,-0.04764203947105618,0,2.0
500,3,1.0,1,-0.16199201249884002,0,0,-0.045950353734619524,0,2.0
501,3,0.0,0,-0.11172812710049872,0,0,-0.047731435117449164,0,1.0
502,3,0.0,0,0.06419547179369581,0,0,-0.047967221014485674,0,1.0
503,3,0.0,0,0.08932741449286646,0,0,-0.04414487397668264,0,2.0
504,1,0.0,0,-0.17455798384842533,0,0,0.10597832805825895,1,2.0
505,1,1.0,1,-0.14942604114925467,1,0,0.14970021625046037,1,0.0
506,2,1.0,0,0.039063529094525165,0,2,-0.012109807460856489,0,2.0
507,1,1.0,1,-0.2750857546451079,0,0,-0.011036278956137255,0,2.0
508,3,1.0,1,-0.023766327653401448,0,0,-0.01889255574067345,0,2.0
509,3,1.0,1,-0.0488982703525721,0,0,0.04741402994681031,0,2.0
510,3,1.0,1,-0.011200356303816125,0,0,-0.047731435117449164,0,1.0
511,3,1.0,1,0.1144593571920371,0,0,-0.04714587411487504,0,2.0
512,1,1.0,1,0.07676144314328114,0,0,-0.011548644833389615,1,2.0
513,1,1.0,0,0.302948927435817,1,0,0.053082650825729556,0,0.0
514,3,1.0,1,-0.07403021305174275,0,0,-0.048227600473630304,0,2.0
515,1,1.0,1,0.2149871279887197,0,0,0.0035457515039653514,1,2.0
516,2,1.0,0,0.05162950044411049,0,0,-0.042363792593853006,1,2.0
517,3,1.0,1,-0.08659618440132806,0,0,-0.01572076697673027,0,1.0
518,2,1.0,0,0.07676144314328114,1,0,-0.012109807460856489,0,2.0
519,3,1.0,1,0.026497557744939844,0,0,-0.047446852470198135,0,2.0
520,1,0.0,0,0.001365615045769198,0,0,0.1196414181183219,1,2.0
521,3,1.0,1,-0.09916215575091339,0,0,-0.047446852470198135,0,2.0
522,3,1.0,1,0.08932741449286646,0,0,-0.04875616687195388,0,0.0
523,1,1.0,0,0.17728921393996372,0,1,0.05030943391753849,1,0.0
524,3,1.0,1,-0.07403021305174275,0,0,-0.04874796901791785,0,0.0
525,3,1.0,1,0.1333083142164151,0,0,-0.047731435117449164,0,1.0
526,2,0.0,0,0.25268504203747566,0,0,-0.042363792593853006,0,2.0
527,1,1.0,1,-0.03633229900298677,0,0,0.3700257413230114,1,2.0
528,3,1.0,1,0.1144593571920371,0,0,-0.047389857865947585,0,2.0
529,2,1.0,1,-0.08659618440132806,2,1,-0.04041192258527258,0,2.0
530,2,0.0,0,-0.35048158274261987,1,1,-0.012109807460856489,0,2.0
531,3,1.0,1,-0.28765172599469324,0,0,-0.04874796901791785,0,0.0
532,3,1.0,1,-0.16199201249884002,1,1,-0.04874796901791785,0,0.0
533,3,1.0,0,0.265251013387061,0,2,-0.019217932471103805,0,0.0
534,3,0.0,0,0.001365615045769198,0,0,-0.045950353734619524,0,2.0
535,2,0.0,0,-0.28765172599469324,0,2,-0.011621839958711383,0,2.0
536,1,4.0,1,0.18985518528954903,0,0,-0.011036278956137255,1,2.0
537,1,0.0,0,0.001365615045769198,0,0,0.14486933797922383,0,0.0
538,3,1.0,1,0.07676144314328114,0,0,-0.03455631255953132,0,2.0
539,1,0.0,0,-0.09916215575091339,0,2,0.033759137740783395,1,0.0
540,1,0.0,0,0.07676144314328114,0,2,0.07572434292526244,1,2.0
541,3,0.0,0,-0.2625197832955226,4,2,-0.0018136931655947724,0,2.0
542,3,0.0,0,-0.23738784059635196,4,2,-0.0018136931655947724,0,2.0
543,2,1.0,1,0.026497557744939844,1,0,-0.012109807460856489,0,2.0
544,1,1.0,1,0.25268504203747566,1,0,0.14486933797922383,1,0.0
545,1,1.0,1,0.4286086409316702,0,0,-0.012109807460856489,0,2.0
546,2,1.0,0,-0.13686006979966936,1,0,-0.012109807460856489,0,2.0
547,2,1.0,1,0.001365615045769198,0,0,-0.03580062969000134,0,0.0
548,3,1.0,1,0.039063529094525165,1,1,-0.022796295757834293,0,2.0
549,2,0.0,1,-0.2750857546451079,1,1,0.008872795131383032,0,2.0
550,1,1.0,1,-0.16199201249884002,0,2,0.15357136003847793,1,0.0
551,2,1.0,1,-0.03633229900298677,0,0,-0.012109807460856489,0,2.0
552,3,1.0,1,-0.16199201249884002,0,0,-0.04757684701276959,0,1.0
553,3,1.0,1,-0.09916215575091339,0,0,-0.04875616687195388,0,0.0
554,3,0.0,0,-0.09916215575091339,0,0,-0.04768263836723465,0,2.0
555,1,1.0,1,0.4034766982324996,0,0,-0.011036278956137255,0,2.0
556,1,,0,0.227553099338305,1,0,0.014435624655837235,1,0.0
557,1,1.0,1,-0.023766327653401448,0,0,0.38124079601831273,0,0.0
558,1,1.0,0,0.1144593571920371,1,1,0.09260801849948308,1,2.0
559,3,1.0,0,0.07676144314328114,1,0,-0.028895889534648108,0,2.0
560,3,1.0,1,-0.13686006979966936,0,0,-0.047731435117449164,0,1.0
561,3,1.0,1,0.12702532854162243,0,0,-0.047446852470198135,0,2.0
562,2,1.0,1,-0.023766327653401448,0,0,-0.036508182568111745,0,2.0
563,3,1.0,1,0.2149871279887197,0,0,-0.04714587411487504,0,2.0
564,3,0.0,0,-0.03633229900298677,0,0,-0.04714587411487504,0,2.0
565,3,1.0,1,-0.07403021305174275,2,0,-0.01572076697673027,0,2.0
566,3,1.0,1,-0.13686006979966936,0,0,-0.047446852470198135,0,2.0
567,3,1.0,0,-0.011200356303816125,0,4,-0.02172276725311506,0,2.0
568,3,1.0,1,-0.14942604114925467,0,0,-0.04874796901791785,0,0.0
569,3,1.0,1,0.026497557744939844,0,0,-0.047528050262555084,0,2.0
570,2,1.0,1,0.4034766982324996,0,0,-0.042363792593853006,0,2.0
571,1,1.0,0,0.29038295608623166,2,0,0.03762227886176576,1,2.0
572,1,1.0,1,0.07676144314328114,0,0,-0.011353457832531576,1,2.0
573,3,0.0,0,-0.08659618440132806,0,0,-0.047731435117449164,0,1.0
574,3,1.0,1,-0.17455798384842533,0,0,-0.04714587411487504,0,2.0
575,3,1.0,1,-0.13686006979966936,0,0,-0.03455631255953132,0,2.0
576,2,0.0,0,0.05162950044411049,0,0,-0.037484117572401957,0,2.0
577,1,1.0,0,0.1144593571920371,1,0,0.046251105795698084,1,2.0
578,3,1.0,0,-0.3630475540922052,1,0,-0.034637705538889126,0,0.0
579,3,1.0,1,0.026497557744939844,0,0,-0.047389857865947585,0,2.0
580,2,0.0,0,-0.06146424170215742,1,1,-0.004302327426534806,0,2.0
581,1,1.0,0,0.1144593571920371,1,1,0.15357136003847793,1,0.0
582,2,1.0,1,0.302948927435817,0,0,-0.012109807460856489,0,2.0
583,1,1.0,1,0.07676144314328114,0,0,0.015460356410341951,1,0.0
584,3,1.0,1,0.05162950044411049,0,0,-0.04585276023419051,0,0.0
585,1,0.0,0,-0.14942604114925467,0,2,0.09260801849948308,1,2.0
586,2,1.0,1,0.2149871279887197,0,0,-0.03358037755524111,0,2.0
587,1,1.0,1,0.3783447555333289,1,1,0.09172967699562189,1,0.0
588,3,1.0,1,-0.09916215575091339,0,0,-0.04714587411487504,0,2.0
589,3,1.0,1,0.06419547179369581,0,0,-0.04714587411487504,0,2.0
590,3,1.0,1,0.06419547179369581,0,0,-0.04895135387281192,0,2.0
591,1,1.0,0,0.2778169847366463,1,0,0.08990799671661377,1,0.0
592,3,1.0,1,0.2149871279887197,0,0,-0.048707370121739375,0,2.0
593,3,0.0,0,-0.023766327653401448,0,2,-0.047731435117449164,0,1.0
594,2,1.0,1,0.08932741449286646,1,0,-0.012109807460856489,0,2.0
595,3,1.0,1,0.07676144314328114,1,1,-0.01572076697673027,0,2.0
596,2,0.0,0,0.039063529094525165,0,0,0.0015532825992064557,0,2.0
597,3,1.0,1,0.24011907068789035,0,0,-0.06285842768394742,0,2.0
598,3,1.0,1,-0.03633229900298677,0,0,-0.04875616687195388,0,0.0
599,1,3.0,1,0.24011907068789035,1,0,0.04825997040852906,1,0.0
600,2,1.0,0,-0.07403021305174275,2,1,-0.010157937452276068,0,2.0
601,3,1.0,1,0.013931586395354521,0,0,-0.047446852470198135,0,2.0
602,1,1.0,1,0.013931586395354521,0,0,0.019900860679862405,0,2.0
603,3,1.0,1,0.17728921393996372,0,0,-0.04714587411487504,0,2.0
604,1,1.0,1,0.06419547179369581,0,0,-0.011036278956137255,0,0.0
605,3,1.0,1,0.07676144314328114,1,0,-0.03250684905052188,0,2.0
606,3,1.0,1,0.001365615045769198,0,0,-0.047446852470198135,0,2.0
607,1,1.0,1,-0.03633229900298677,0,0,-0.0033263924222445957,0,2.0
608,2,1.0,0,-0.09916215575091339,1,2,0.0182987657768196,0,0.0
609,1,0.0,0,0.12702532854162243,0,0,0.23668042350782537,1,2.0
610,3,1.0,0,0.1144593571920371,1,5,-0.0018136931655947724,0,2.0
611,3,1.0,1,0.20242115663913438,0,0,-0.04909774412345545,0,2.0
612,3,0.0,0,-0.07403021305174275,1,0,-0.0326044425509509,0,1.0
613,3,1.0,1,0.12702532854162243,0,0,-0.047731435117449164,0,1.0
614,3,1.0,1,0.06419547179369581,0,0,-0.04714587411487504,0,2.0
615,2,0.0,0,-0.07403021305174275,1,2,0.06401312287377992,0,2.0
616,3,1.0,1,0.05162950044411049,1,1,-0.034751499560389365,0,2.0
617,3,1.0,0,-0.0488982703525721,1,0,-0.03143332054580265,0,2.0
618,2,0.0,0,-0.3253496400434492,2,1,0.01326450265068898,1,2.0
619,2,1.0,1,-0.0488982703525721,0,0,-0.042363792593853006,0,2.0
620,3,1.0,1,-0.03633229900298677,1,0,-0.03464570820592431,0,0.0
621,1,1.0,1,0.15215727124079306,1,0,0.03972053912098972,1,2.0
622,3,1.0,1,-0.12429409845008403,1,1,-0.03213267556987701,0,0.0
623,3,1.0,1,-0.11172812710049872,0,0,-0.047528050262555084,0,2.0
624,3,1.0,1,-0.11172812710049872,0,0,-0.03143332054580265,0,2.0
625,1,1.0,1,0.39091072688291423,0,0,0.0002275724893786311,1,2.0
626,2,2.0,1,0.3406468414845729,0,0,-0.03875283307797923,0,1.0
627,1,0.0,0,-0.11172812710049872,0,0,0.08930604000596756,1,2.0
628,3,1.0,1,-0.0488982703525721,0,0,-0.047446852470198135,0,2.0
629,3,1.0,1,-0.14942604114925467,0,0,-0.047764031346592455,0,1.0
630,1,1.0,1,0.6296641825250354,0,0,-0.004302327426534806,1,2.0
631,3,1.0,1,0.265251013387061,0,0,-0.049089546269419415,0,2.0
632,1,2.0,1,0.026497557744939844,0,0,-0.0033263924222445957,1,0.0
633,1,1.0,1,0.2149871279887197,0,0,-0.06285842768394742,0,2.0
634,3,0.0,0,-0.2625197832955226,3,2,-0.008401254444553691,0,2.0
635,2,0.0,0,-0.023766327653401448,0,0,-0.037484117572401957,0,2.0
636,3,1.0,1,0.026497557744939844,0,0,-0.047389857865947585,0,2.0
637,2,1.0,1,0.013931586395354521,1,1,-0.011621839958711383,0,2.0
638,3,1.0,0,0.13959129989120775,0,5,0.014606413281588017,0,2.0
639,3,1.0,1,0.227553099338305,1,0,-0.03143332054580265,0,2.0
640,3,1.0,1,-0.12429409845008403,0,0,-0.047528050262555084,0,2.0
641,1,0.0,0,-0.07403021305174275,0,0,0.07240616391067571,1,0.0
642,3,0.0,0,-0.35048158274261987,3,2,-0.008401254444553691,0,2.0
643,3,1.0,1,0.05162950044411049,0,0,0.04741402994681031,0,2.0
644,3,0.0,0,-0.3661890469296015,2,1,-0.02526872949770311,0,0.0
645,1,1.0,1,0.227553099338305,1,0,0.0869069965784214,1,0.0
646,3,1.0,1,-0.13686006979966936,0,0,-0.047446852470198135,0,2.0
647,1,4.0,1,0.3280808701349876,0,0,0.006432957620657507,1,0.0
648,3,1.0,1,0.17728921393996372,0,0,-0.04812180911916524,0,2.0
649,3,0.0,0,-0.08659618440132806,0,0,-0.04812180911916524,0,2.0
650,3,1.0,1,0.05162950044411049,0,0,-0.047446852470198135,0,2.0
651,2,0.0,0,-0.14942604114925467,0,1,-0.01796541748659775,0,2.0
652,3,1.0,1,-0.11172812710049872,0,0,-0.04639772234058616,0,2.0
653,3,0.0,0,-0.33791561139303455,0,0,-0.04757684701276959,0,1.0
654,3,0.0,0,-0.14942604114925467,0,0,-0.04968330512602958,0,1.0
655,2,1.0,1,-0.07403021305174275,2,0,0.08060401794671349,0,2.0
656,3,1.0,1,0.12702532854162243,0,0,-0.047446852470198135,0,2.0
657,3,1.0,0,0.026497557744939844,1,1,-0.0326044425509509,0,1.0
658,2,1.0,1,-0.08659618440132806,0,0,-0.037484117572401957,0,2.0
659,1,1.0,1,0.35321281283415823,0,2,0.1582396475379997,1,0.0
660,1,2.0,1,0.25268504203747566,2,0,0.19800899896282578,0,2.0
661,3,1.0,1,0.12702532854162243,0,0,-0.04875616687195388,0,0.0
662,1,1.0,1,0.2149871279887197,0,0,-0.012914953839395914,1,2.0
663,3,1.0,1,0.07676144314328114,0,0,-0.048227600473630304,0,2.0
664,3,1.0,1,-0.12429409845008403,1,0,-0.047389857865947585,0,2.0
665,2,1.0,1,0.026497557744939844,2,0,0.08060401794671349,0,2.0
666,2,1.0,1,-0.06146424170215742,0,0,-0.037484117572401957,0,2.0
667,3,1.0,1,-0.30021769734427856,0,0,-0.04768263836723465,0,2.0
668,3,1.0,1,0.1647232425903784,0,0,-0.04714587411487504,0,2.0
669,1,1.0,0,0.1144593571920371,1,0,0.038638812762234444,1,2.0
670,2,1.0,0,0.12702532854162243,1,1,0.01326450265068898,0,2.0
671,1,1.0,1,0.013931586395354521,1,0,0.038638812762234444,1,2.0
672,2,1.0,1,0.5040044690291822,0,0,-0.042363792593853006,0,2.0
673,2,1.0,1,0.013931586395354521,0,0,-0.037484117572401957,0,2.0
674,2,1.0,1,0.07676144314328114,0,0,-0.06285842768394742,0,2.0
675,3,1.0,1,-0.14942604114925467,0,0,-0.04768263836723465,0,2.0
676,3,1.0,1,-0.06774722737695008,0,0,-0.04714587411487504,0,2.0
677,3,0.0,0,-0.14942604114925467,0,0,-0.0436487086205015,0,2.0
678,3,1.0,0,0.1647232425903784,1,6,0.0286842757184743,0,2.0
679,1,1.0,1,0.07676144314328114,0,1,0.9371415723160527,3,0.0
680,3,0.0,0,0.06419547179369581,0,0,-0.04697508548912425,0,1.0
681,1,1.0,1,-0.03633229900298677,0,0,0.0869069965784214,1,0.0
682,3,1.0,1,-0.12429409845008403,0,0,-0.044852426854793036,0,2.0
683,3,1.0,1,-0.199689926547596,5,2,0.0286842757184743,0,2.0
684,2,1.0,1,0.3783447555333289,1,1,0.01326450265068898,0,2.0
685,2,1.0,1,-0.06146424170215742,1,2,0.0182987657768196,0,0.0
686,3,1.0,1,-0.199689926547596,4,1,0.014606413281588017,0,2.0
687,3,1.0,1,-0.13686006979966936,0,0,-0.04300634820067768,0,2.0
688,3,1.0,1,-0.14942604114925467,0,0,-0.04764203947105618,0,2.0
689,1,0.0,0,-0.18712395519801064,0,1,0.3496449002544172,1,2.0
690,1,1.0,1,0.013931586395354521,1,0,0.04839816280513655,1,2.0
